MAE,RMSE,R2,MAPE
66.23053575243705,89.05438187148503,0.27533813256378936,inf
