MAE,RMSE,R2,MAPE
70.41472844267531,98.39634806631747,0.11532698162064481,inf
