MAE,RMSE,R2,MAPE
62.344601272218306,86.83865430651414,0.31094959655203835,inf
